split,count,mean,std,min,median,max
test,507,255.46705058777118,212.241673598588,0.0,226.014999,1050.511108
train,2160,254.5340540236111,210.72194990959565,0.0,208.1289975,1324.084961
val,240,272.8652729625,211.5491546996628,2.07,247.3727265,1119.280029
