split,count,mean,std,min,median,max
test,507,255.46705058777118,212.241673598588,0.0,226.014999,1050.511108
train,2480,253.92293598508067,222.19265530818674,1.84,205.1878355,3943.325195
val,275,264.0031843709091,210.20323018160695,0.0,230.001999,1264.54834
