{
  "mae": 80.30695343017578,
  "rmse": 127.35200500488281,
  "mse": 16218.5322265625,
  "mode": "rgb",
  "use_log_target": true
}