{
  "mae": 86.72413635253906,
  "rmse": 135.24496459960938,
  "mse": 18291.19921875,
  "mode": "rgb",
  "use_log_target": true
}