bin,mean,count
0-100,25.020371101937204,159
100-200,55.898260042264866,77
200-300,76.48565825549039,88
300-400,100.79597928788928,72
400-600,143.462653068647,73
600-900,281.4710662841797,30
900-2000,347.722110748291,8
