{
  "mae": 64.4876480102539,
  "rmse": 99.23751068115234,
  "mse": 9848.083984375,
  "mode": "rgb",
  "use_log_target": true
}