bin,mean,count
0-100,24.241175214449566,159
100-200,56.629584275282824,77
200-300,73.50635355169123,88
300-400,109.38002056545682,72
400-600,126.50614437991625,73
600-900,198.5511728922526,30
900-2000,294.07054138183594,8
