{
  "mae": 79.09821319580078,
  "rmse": 125.89125061035156,
  "mse": 15848.6064453125,
  "mode": "rgbd",
  "use_log_target": true
}