{
  "calories": {
    "mae": 45.9380430246481,
    "mae_pct": 17.98198355506649
  },
  "mass": {
    "mae": 30.55303431215606,
    "mae_pct": 15.39126862630969
  },
  "fat": {
    "mae": 3.5604305329266017,
    "mae_pct": 27.749391745236963
  },
  "carb": {
    "mae": 5.238876853674592,
    "mae_pct": 26.61544683836261
  },
  "protein": {
    "mae": 4.473056288521472,
    "mae_pct": 25.59153612548746
  }
}