{
  "calories": {
    "mae": 45.87512817490971,
    "mae_pct": 17.957356171772034
  },
  "mass": {
    "mae": 31.13057655131323,
    "mae_pct": 15.682208886288112
  },
  "fat": {
    "mae": 3.5527450545402557,
    "mae_pct": 27.689492430106394
  },
  "carb": {
    "mae": 5.508444531855616,
    "mae_pct": 27.98495110585375
  },
  "protein": {
    "mae": 4.594705218680688,
    "mae_pct": 26.287521776011317
  }
}